"Country","Year","Pupil-Teacher Ratio Secondary","Region"
"Albania","1997",14.77331,"Southern Europe"
"Albania","2000",16.43434,"Southern Europe"
"Albania","2001",16.96302,"Southern Europe"
"Albania","2003",17.66389,"Southern Europe"
"Albania","2008",16.79416,"Southern Europe"
"Albania","2009",14.7321,"Southern Europe"
"Albania","2010",14.77747,"Southern Europe"
"Albania","2011",15.24414,"Southern Europe"
"Albania","2012",14.89293,"Southern Europe"
"Albania","2013",14.75715,"Southern Europe"
"Albania","2014",14.29575,"Southern Europe"
"Albania","2015",13.50589,"Southern Europe"
"Albania","2016",12.22137,"Southern Europe"
"Albania","2017",11.60265,"Southern Europe"
"Albania","2018",11.19927,"Southern Europe"
"Austria","1971",19.57274,"Western Europe"
"Austria","1981",13.6875,"Western Europe"
"Austria","1982",12.89659,"Western Europe"
"Austria","1983",12.52444,"Western Europe"
"Austria","1984",11.80202,"Western Europe"
"Austria","1985",11.74935,"Western Europe"
"Austria","1986",11.44632,"Western Europe"
"Austria","1987",10.88133,"Western Europe"
"Austria","1988",10.53639,"Western Europe"
"Austria","1989",10.14936,"Western Europe"
"Austria","1990",9.96332,"Western Europe"
"Austria","1991",9.7814,"Western Europe"
"Austria","1992",9.68867,"Western Europe"
"Austria","1993",9.486,"Western Europe"
"Austria","1994",9.40802,"Western Europe"
"Austria","1995",9.40288,"Western Europe"
"Austria","1996",9.87243,"Western Europe"
"Austria","1997",9.94267,"Western Europe"
"Austria","1998",10.15429,"Western Europe"
"Austria","1999",10.30091,"Western Europe"
"Austria","2002",10.43735,"Western Europe"
"Austria","2003",10.52508,"Western Europe"
"Austria","2004",10.70672,"Western Europe"
"Austria","2005",10.98323,"Western Europe"
"Austria","2006",10.94344,"Western Europe"
"Austria","2007",10.84635,"Western Europe"
"Austria","2008",10.57966,"Western Europe"
"Austria","2009",10.28249,"Western Europe"
"Austria","2010",9.9725,"Western Europe"
"Austria","2011",9.67872,"Western Europe"
"Austria","2012",9.53847,"Western Europe"
"Austria","2013",9.67333,"Western Europe"
"Austria","2014",9.61071,"Western Europe"
"Austria","2015",9.57663,"Western Europe"
"Austria","2016",9.41777,"Western Europe"
"Austria","2017",9.32983,"Western Europe"
"Brazil","1970",13.24274,"Latin America and the Caribbean"
"Brazil","2002",19.12073,"Latin America and the Caribbean"
"Brazil","2003",16.73021,"Latin America and the Caribbean"
"Brazil","2004",16.01712,"Latin America and the Caribbean"
"Brazil","2005",15.42777,"Latin America and the Caribbean"
"Brazil","2007",18.55159,"Latin America and the Caribbean"
"Brazil","2008",17.19542,"Latin America and the Caribbean"
"Brazil","2009",17.13865,"Latin America and the Caribbean"
"Brazil","2010",16.66361,"Latin America and the Caribbean"
"Brazil","2011",16.34985,"Latin America and the Caribbean"
"Brazil","2012",15.97387,"Latin America and the Caribbean"
"Brazil","2013",17.26308,"Latin America and the Caribbean"
"Brazil","2014",16.69174,"Latin America and the Caribbean"
"Brazil","2015",16.45139,"Latin America and the Caribbean"
"Brazil","2016",16.60114,"Latin America and the Caribbean"
"Brazil","2017",16.72391,"Latin America and the Caribbean"
"Bulgaria","1996",11.33101,"Eastern Europe"
"Bulgaria","1997",10.93134,"Eastern Europe"
"Bulgaria","1998",11.2169,"Eastern Europe"
"Bulgaria","1999",12.50347,"Eastern Europe"
"Bulgaria","2000",11.85532,"Eastern Europe"
"Bulgaria","2001",12.16587,"Eastern Europe"
"Bulgaria","2002",12.07715,"Eastern Europe"
"Bulgaria","2003",12.30837,"Eastern Europe"
"Bulgaria","2004",12.23208,"Eastern Europe"
"Bulgaria","2005",11.97562,"Eastern Europe"
"Bulgaria","2006",11.74476,"Eastern Europe"
"Bulgaria","2007",11.55461,"Eastern Europe"
"Bulgaria","2008",11.47623,"Eastern Europe"
"Bulgaria","2009",11.98892,"Eastern Europe"
"Bulgaria","2010",12.08112,"Eastern Europe"
"Bulgaria","2011",12.29774,"Eastern Europe"
"Bulgaria","2012",12.32203,"Eastern Europe"
"Bulgaria","2013",13.04041,"Eastern Europe"
"Bulgaria","2014",13.2295,"Eastern Europe"
"Bulgaria","2016",12.63651,"Eastern Europe"
"Chile","1999",29.00898,"Latin America and the Caribbean"
"Chile","2000",29.3532,"Latin America and the Caribbean"
"Chile","2002",32.55556,"Latin America and the Caribbean"
"Chile","2004",25.19256,"Latin America and the Caribbean"
"Chile","2005",24.76865,"Latin America and the Caribbean"
"Chile","2006",24.41269,"Latin America and the Caribbean"
"Chile","2007",23.71092,"Latin America and the Caribbean"
"Chile","2008",23.32647,"Latin America and the Caribbean"
"Chile","2009",22.40762,"Latin America and the Caribbean"
"Chile","2010",21.86571,"Latin America and the Caribbean"
"Chile","2011",21.0574,"Latin America and the Caribbean"
"Chile","2012",20.04352,"Latin America and the Caribbean"
"Chile","2013",21.00122,"Latin America and the Caribbean"
"Chile","2014",20.06238,"Latin America and the Caribbean"
"Chile","2015",19.44185,"Latin America and the Caribbean"
"Chile","2016",18.81748,"Latin America and the Caribbean"
"Chile","2017",18.36688,"Latin America and the Caribbean"
"China","1970",20.59747,"Eastern Asia"
"China","1971",21.83943,"Eastern Asia"
"China","1972",23.00333,"Eastern Asia"
"China","1973",21.2371,"Eastern Asia"
"China","1974",19.93684,"Eastern Asia"
"China","1975",20.09417,"Eastern Asia"
"China","1976",20.95925,"Eastern Asia"
"China","1977",21.02231,"Eastern Asia"
"China","1978",20.9199,"Eastern Asia"
"China","1979",20.22543,"Eastern Asia"
"China","1980",18.88137,"Eastern Asia"
"China","1981",17.90215,"Eastern Asia"
"China","1982",16.66647,"Eastern Asia"
"China","1983",16.38346,"Eastern Asia"
"China","1984",16.41878,"Eastern Asia"
"China","1985",17.07836,"Eastern Asia"
"China","1986",16.9997,"Eastern Asia"
"China","1987",16.89917,"Eastern Asia"
"China","1988",16.35938,"Eastern Asia"
"China","1989",15.31392,"Eastern Asia"
"China","1990",14.60696,"Eastern Asia"
"China","1991",14.42533,"Eastern Asia"
"China","1992",14.52494,"Eastern Asia"
"China","1993",14.58926,"Eastern Asia"
"China","1994",14.48036,"Eastern Asia"
"China","1995",15.07365,"Eastern Asia"
"China","1996",15.56384,"Eastern Asia"
"China","1997",16.18689,"Eastern Asia"
"China","2000",17.10846,"Eastern Asia"
"China","2001",18.9229,"Eastern Asia"
"China","2002",18.92909,"Eastern Asia"
"China","2003",18.61115,"Eastern Asia"
"China","2006",17.54954,"Eastern Asia"
"China","2007",16.36853,"Eastern Asia"
"China","2008",15.99176,"Eastern Asia"
"China","2009",15.71505,"Eastern Asia"
"China","2010",15.46166,"Eastern Asia"
"China","2011",15.15325,"Eastern Asia"
"China","2012",14.50326,"Eastern Asia"
"China","2013",15.14167,"Eastern Asia"
"China","2014",14.27963,"Eastern Asia"
"China","2015",13.81544,"Eastern Asia"
"China","2016",13.49871,"Eastern Asia"
"China","2017",13.30917,"Eastern Asia"
"China","2018",13.25879,"Eastern Asia"
"Colombia","1970",17.16569,"Latin America and the Caribbean"
"Colombia","1971",18.32271,"Latin America and the Caribbean"
"Colombia","1972",19.32063,"Latin America and the Caribbean"
"Colombia","1973",18.70961,"Latin America and the Caribbean"
"Colombia","1974",19.36182,"Latin America and the Caribbean"
"Colombia","1975",19.45419,"Latin America and the Caribbean"
"Colombia","1976",19.75379,"Latin America and the Caribbean"
"Colombia","1977",20.26675,"Latin America and the Caribbean"
"Colombia","1978",20.39189,"Latin America and the Caribbean"
"Colombia","1979",20.34494,"Latin America and the Caribbean"
"Colombia","1980",20.35816,"Latin America and the Caribbean"
"Colombia","1981",20.21892,"Latin America and the Caribbean"
"Colombia","1982",20.14648,"Latin America and the Caribbean"
"Colombia","1983",20.18309,"Latin America and the Caribbean"
"Colombia","1984",20.28568,"Latin America and the Caribbean"
"Colombia","1985",20.15015,"Latin America and the Caribbean"
"Colombia","1986",19.94919,"Latin America and the Caribbean"
"Colombia","1987",19.90078,"Latin America and the Caribbean"
"Colombia","1988",19.88935,"Latin America and the Caribbean"
"Colombia","1989",19.8784,"Latin America and the Caribbean"
"Colombia","1991",19.85892,"Latin America and the Caribbean"
"Colombia","1992",20.58411,"Latin America and the Caribbean"
"Colombia","1993",21.08985,"Latin America and the Caribbean"
"Colombia","1994",20.94314,"Latin America and the Caribbean"
"Colombia","1995",21.0487,"Latin America and the Caribbean"
"Colombia","1996",19.15089,"Latin America and the Caribbean"
"Colombia","1999",17.91693,"Latin America and the Caribbean"
"Colombia","2000",19.19542,"Latin America and the Caribbean"
"Colombia","2002",20.92474,"Latin America and the Caribbean"
"Colombia","2004",24.64723,"Latin America and the Caribbean"
"Colombia","2005",26.17165,"Latin America and the Caribbean"
"Colombia","2006",27.36572,"Latin America and the Caribbean"
"Colombia","2007",25.2348,"Latin America and the Caribbean"
"Colombia","2009",26.65632,"Latin America and the Caribbean"
"Colombia","2010",27.14634,"Latin America and the Caribbean"
"Colombia","2011",25.58137,"Latin America and the Caribbean"
"Colombia","2012",25.39509,"Latin America and the Caribbean"
"Colombia","2013",25.49841,"Latin America and the Caribbean"
"Colombia","2014",24.90129,"Latin America and the Caribbean"
"Colombia","2015",26.47999,"Latin America and the Caribbean"
"Colombia","2016",26.18799,"Latin America and the Caribbean"
"Colombia","2017",26.01138,"Latin America and the Caribbean"
"Colombia","2018",25.91073,"Latin America and the Caribbean"
"Costa Rica","1970",16.54511,"Latin America and the Caribbean"
"Costa Rica","1972",19.43271,"Latin America and the Caribbean"
"Costa Rica","1975",22.62893,"Latin America and the Caribbean"
"Costa Rica","1976",19.61741,"Latin America and the Caribbean"
"Costa Rica","1979",18.3438,"Latin America and the Caribbean"
"Costa Rica","1980",18.97862,"Latin America and the Caribbean"
"Costa Rica","1981",19.25363,"Latin America and the Caribbean"
"Costa Rica","1982",17.83865,"Latin America and the Caribbean"
"Costa Rica","1983",17.2838,"Latin America and the Caribbean"
"Costa Rica","1985",17.01663,"Latin America and the Caribbean"
"Costa Rica","1986",17.72376,"Latin America and the Caribbean"
"Costa Rica","1987",18.06675,"Latin America and the Caribbean"
"Costa Rica","1988",17.66259,"Latin America and the Caribbean"
"Costa Rica","1989",18.4735,"Latin America and the Caribbean"
"Costa Rica","1990",18.95094,"Latin America and the Caribbean"
"Costa Rica","1991",19.21686,"Latin America and the Caribbean"
"Costa Rica","1992",19.82895,"Latin America and the Caribbean"
"Costa Rica","1993",19.39864,"Latin America and the Caribbean"
"Costa Rica","1994",19.19469,"Latin America and the Caribbean"
"Costa Rica","1995",19.23877,"Latin America and the Caribbean"
"Costa Rica","1996",18.03308,"Latin America and the Caribbean"
"Costa Rica","1997",18.38004,"Latin America and the Caribbean"
"Costa Rica","1998",18.95822,"Latin America and the Caribbean"
"Costa Rica","1999",19.5273,"Latin America and the Caribbean"
"Costa Rica","2000",18.84161,"Latin America and the Caribbean"
"Costa Rica","2001",19.57279,"Latin America and the Caribbean"
"Costa Rica","2002",18.75178,"Latin America and the Caribbean"
"Costa Rica","2006",17.79432,"Latin America and the Caribbean"
"Costa Rica","2007",17.91364,"Latin America and the Caribbean"
"Costa Rica","2008",15.64106,"Latin America and the Caribbean"
"Costa Rica","2009",15.81656,"Latin America and the Caribbean"
"Costa Rica","2010",15.5078,"Latin America and the Caribbean"
"Costa Rica","2011",14.92131,"Latin America and the Caribbean"
"Costa Rica","2013",13.96964,"Latin America and the Caribbean"
"Costa Rica","2014",14.35946,"Latin America and the Caribbean"
"Costa Rica","2015",13.9521,"Latin America and the Caribbean"
"Costa Rica","2016",12.73154,"Latin America and the Caribbean"
"Costa Rica","2017",13.31491,"Latin America and the Caribbean"
"Costa Rica","2018",12.42779,"Latin America and the Caribbean"
"Croatia","1996",14.03702,"Southern Europe"
"Croatia","1997",13.4158,"Southern Europe"
"Croatia","1998",12.71989,"Southern Europe"
"Croatia","1999",12.47268,"Southern Europe"
"Croatia","2000",11.84402,"Southern Europe"
"Croatia","2001",11.32851,"Southern Europe"
"Croatia","2002",11.02664,"Southern Europe"
"Croatia","2003",10.86358,"Southern Europe"
"Croatia","2005",10.13688,"Southern Europe"
"Croatia","2006",9.54029,"Southern Europe"
"Croatia","2007",9.29822,"Southern Europe"
"Croatia","2008",9.08776,"Southern Europe"
"Croatia","2009",8.32827,"Southern Europe"
"Croatia","2010",8.14958,"Southern Europe"
"Croatia","2011",8.001,"Southern Europe"
"Croatia","2012",7.80615,"Southern Europe"
"Croatia","2013",7.70094,"Southern Europe"
"Croatia","2014",8.0174,"Southern Europe"
"Croatia","2015",7.03333,"Southern Europe"
"Croatia","2016",6.73221,"Southern Europe"
"Cyprus","1971",21.0368,"Western Asia"
"Cyprus","1972",21.54041,"Western Asia"
"Cyprus","1973",19.39831,"Western Asia"
"Cyprus","1974",19.17683,"Western Asia"
"Cyprus","1975",20.87422,"Western Asia"
"Cyprus","1976",20.14402,"Western Asia"
"Cyprus","1977",19.3182,"Western Asia"
"Cyprus","1978",18.15968,"Western Asia"
"Cyprus","1979",17.13495,"Western Asia"
"Cyprus","1980",16.5022,"Western Asia"
"Cyprus","1981",16.11886,"Western Asia"
"Cyprus","1982",16.04234,"Western Asia"
"Cyprus","1983",15.6893,"Western Asia"
"Cyprus","1984",15.70736,"Western Asia"
"Cyprus","1985",15.25884,"Western Asia"
"Cyprus","1986",14.70969,"Western Asia"
"Cyprus","1987",14.20584,"Western Asia"
"Cyprus","1988",12.38362,"Western Asia"
"Cyprus","1989",12.09222,"Western Asia"
"Cyprus","1990",11.97202,"Western Asia"
"Cyprus","1991",11.94485,"Western Asia"
"Cyprus","1992",12.12247,"Western Asia"
"Cyprus","1993",12.24591,"Western Asia"
"Cyprus","1994",12.26441,"Western Asia"
"Cyprus","1995",12.45507,"Western Asia"
"Cyprus","1996",11.29151,"Western Asia"
"Cyprus","1997",12.41711,"Western Asia"
"Cyprus","1999",12.86735,"Western Asia"
"Cyprus","2000",13.60329,"Western Asia"
"Cyprus","2001",12.73405,"Western Asia"
"Cyprus","2002",12.14739,"Western Asia"
"Cyprus","2003",12.15002,"Western Asia"
"Cyprus","2004",11.2507,"Western Asia"
"Cyprus","2005",11.29136,"Western Asia"
"Cyprus","2006",11.03958,"Western Asia"
"Cyprus","2007",10.67539,"Western Asia"
"Cyprus","2008",10.22603,"Western Asia"
"Cyprus","2009",9.91354,"Western Asia"
"Cyprus","2010",9.75513,"Western Asia"
"Cyprus","2011",9.72688,"Western Asia"
"Cyprus","2012",9.66547,"Western Asia"
"Cyprus","2013",9.54664,"Western Asia"
"Cyprus","2014",9.72049,"Western Asia"
"Cyprus","2015",10.35338,"Western Asia"
"Cyprus","2016",7.95871,"Western Asia"
"Cyprus","2017",8.31131,"Western Asia"
"Dominican Republic","1971",27.0482,"Latin America and the Caribbean"
"Dominican Republic","2004",27.03779,"Latin America and the Caribbean"
"Dominican Republic","2005",26.43142,"Latin America and the Caribbean"
"Dominican Republic","2007",29.02851,"Latin America and the Caribbean"
"Dominican Republic","2008",24.46806,"Latin America and the Caribbean"
"Dominican Republic","2009",26.94102,"Latin America and the Caribbean"
"Dominican Republic","2010",28.19246,"Latin America and the Caribbean"
"Dominican Republic","2011",28.72223,"Latin America and the Caribbean"
"Dominican Republic","2012",29.17577,"Latin America and the Caribbean"
"Dominican Republic","2013",27.63296,"Latin America and the Caribbean"
"Dominican Republic","2015",22.09344,"Latin America and the Caribbean"
"Dominican Republic","2017",18.64652,"Latin America and the Caribbean"
"Estonia","1993",10.44152,"Northern Europe"
"Estonia","1994",10.3307,"Northern Europe"
"Estonia","1995",8.81703,"Northern Europe"
"Estonia","1996",10.11786,"Northern Europe"
"Estonia","1999",10.46366,"Northern Europe"
"Estonia","2000",9.79109,"Northern Europe"
"Estonia","2001",10.05493,"Northern Europe"
"Estonia","2007",9.92589,"Northern Europe"
"Estonia","2008",9.40907,"Northern Europe"
"Estonia","2009",9.44342,"Northern Europe"
"Estonia","2010",8.76124,"Northern Europe"
"Estonia","2011",8.77001,"Northern Europe"
"Estonia","2012",8.37591,"Northern Europe"
"Estonia","2013",8.09777,"Northern Europe"
"Estonia","2016",8.78266,"Northern Europe"
"Estonia","2017",9.18187,"Northern Europe"
"Finland","1971",15.80584,"Northern Europe"
"Finland","1972",15.62673,"Northern Europe"
"Finland","1973",15.20766,"Northern Europe"
"Finland","1974",14.59609,"Northern Europe"
"Finland","1975",14.05784,"Northern Europe"
"Finland","1977",13.99688,"Northern Europe"
"Finland","1978",15.306,"Northern Europe"
"Finland","1979",13.66129,"Northern Europe"
"Finland","1980",13.53336,"Northern Europe"
"Finland","1981",13.2317,"Northern Europe"
"Finland","1982",13.03262,"Northern Europe"
"Finland","1983",11.84622,"Northern Europe"
"Finland","1984",11.83076,"Northern Europe"
"Finland","1999",12.221,"Northern Europe"
"Finland","2000",12.74229,"Northern Europe"
"Finland","2001",13.1808,"Northern Europe"
"Finland","2002",12.77342,"Northern Europe"
"Finland","2003",12.22628,"Northern Europe"
"Finland","2004",10.15341,"Northern Europe"
"Finland","2005",10.25668,"Northern Europe"
"Finland","2006",9.8669,"Northern Europe"
"Finland","2007",9.79414,"Northern Europe"
"Finland","2008",10.03077,"Northern Europe"
"Finland","2009",9.88786,"Northern Europe"
"Finland","2010",9.90598,"Northern Europe"
"Finland","2011",9.50424,"Northern Europe"
"Finland","2012",9.26577,"Northern Europe"
"Finland","2013",12.70659,"Northern Europe"
"Finland","2014",12.75811,"Northern Europe"
"Finland","2016",13.24117,"Northern Europe"
"Finland","2017",13.57979,"Northern Europe"
"France","1971",15.80167,"Western Europe"
"France","1972",15.49716,"Western Europe"
"France","1973",15.56402,"Western Europe"
"France","1974",15.43252,"Western Europe"
"France","1977",14.1608,"Western Europe"
"France","1978",14.01968,"Western Europe"
"France","1979",13.86533,"Western Europe"
"France","1980",13.7283,"Western Europe"
"France","1989",13.01208,"Western Europe"
"France","1990",12.43865,"Western Europe"
"France","1991",12.50841,"Western Europe"
"France","1992",12.49112,"Western Europe"
"France","1993",12.14632,"Western Europe"
"France","1994",12.78847,"Western Europe"
"France","1995",12.67498,"Western Europe"
"France","1996",12.49607,"Western Europe"
"France","1997",12.36769,"Western Europe"
"France","1999",12.02547,"Western Europe"
"France","2000",11.79826,"Western Europe"
"France","2001",11.60577,"Western Europe"
"France","2002",11.46309,"Western Europe"
"France","2003",11.46728,"Western Europe"
"France","2004",11.39663,"Western Europe"
"France","2005",11.43084,"Western Europe"
"France","2006",12.09852,"Western Europe"
"France","2007",12.09961,"Western Europe"
"France","2008",12.27578,"Western Europe"
"France","2009",12.49659,"Western Europe"
"France","2010",12.68018,"Western Europe"
"France","2011",12.69115,"Western Europe"
"France","2012",12.83299,"Western Europe"
"France","2013",12.9392,"Western Europe"
"Georgia","1981",9.91427,"Western Asia"
"Georgia","1986",9.92233,"Western Asia"
"Georgia","1991",6.85243,"Western Asia"
"Georgia","1992",6.40555,"Western Asia"
"Georgia","1993",6.44267,"Western Asia"
"Georgia","1994",6.41455,"Western Asia"
"Georgia","1995",6.70817,"Western Asia"
"Georgia","1996",6.40123,"Western Asia"
"Georgia","1997",7.66106,"Western Asia"
"Georgia","1999",7.50714,"Western Asia"
"Georgia","2000",7.46045,"Western Asia"
"Georgia","2001",7.60845,"Western Asia"
"Georgia","2002",9.40904,"Western Asia"
"Georgia","2003",9.24507,"Western Asia"
"Georgia","2008",7.46323,"Western Asia"
"Georgia","2009",7.56748,"Western Asia"
"Georgia","2013",7.48672,"Western Asia"
"Georgia","2014",7.24917,"Western Asia"
"Georgia","2015",7.24706,"Western Asia"
"Georgia","2016",7.44399,"Western Asia"
"Georgia","2017",7.39342,"Western Asia"
"Georgia","2018",7.57537,"Western Asia"
"Germany","1993",14.89992,"Western Europe"
"Germany","1994",15.33459,"Western Europe"
"Germany","1995",15.05811,"Western Europe"
"Germany","1996",15.2899,"Western Europe"
"Germany","1997",15.45464,"Western Europe"
"Germany","1998",15.24356,"Western Europe"
"Germany","1999",15.36929,"Western Europe"
"Germany","2000",14.36311,"Western Europe"
"Germany","2001",14.25652,"Western Europe"
"Germany","2002",14.34856,"Western Europe"
"Germany","2003",14.18665,"Western Europe"
"Germany","2004",14.02409,"Western Europe"
"Germany","2005",13.88037,"Western Europe"
"Germany","2006",13.78121,"Western Europe"
"Germany","2007",13.45986,"Western Europe"
"Germany","2008",13.23877,"Western Europe"
"Germany","2009",13.23832,"Western Europe"
"Germany","2010",12.90596,"Western Europe"
"Germany","2011",12.87907,"Western Europe"
"Germany","2012",12.74469,"Western Europe"
"Germany","2013",12.55628,"Western Europe"
"Germany","2014",12.20459,"Western Europe"
"Germany","2015",12.13371,"Western Europe"
"Germany","2016",12.01027,"Western Europe"
"Germany","2017",11.97424,"Western Europe"
"Greece","1971",24.97351,"Southern Europe"
"Greece","1972",25.40242,"Southern Europe"
"Greece","1973",23.93201,"Southern Europe"
"Greece","1974",21.2551,"Southern Europe"
"Greece","1975",20.39693,"Southern Europe"
"Greece","1976",22.77187,"Southern Europe"
"Greece","1977",21.14621,"Southern Europe"
"Greece","1978",20.27286,"Southern Europe"
"Greece","1979",19.01393,"Southern Europe"
"Greece","1980",19.08637,"Southern Europe"
"Greece","1981",18.70203,"Southern Europe"
"Greece","1982",18.96556,"Southern Europe"
"Greece","1983",18.20524,"Southern Europe"
"Greece","1984",17.28941,"Southern Europe"
"Greece","1985",16.65008,"Southern Europe"
"Greece","1986",16.14539,"Southern Europe"
"Greece","1987",16.16534,"Southern Europe"
"Greece","1988",15.50625,"Southern Europe"
"Greece","1989",15.26468,"Southern Europe"
"Greece","1990",14.55338,"Southern Europe"
"Greece","1991",14.11792,"Southern Europe"
"Greece","1992",13.85769,"Southern Europe"
"Greece","1993",11.76672,"Southern Europe"
"Greece","1994",11.30987,"Southern Europe"
"Greece","1995",12.67518,"Southern Europe"
"Greece","1996",9.7709,"Southern Europe"
"Greece","1997",11.56682,"Southern Europe"
"Greece","1998",10.92763,"Southern Europe"
"Greece","1999",10.31502,"Southern Europe"
"Greece","2000",9.76026,"Southern Europe"
"Greece","2001",9.41532,"Southern Europe"
"Greece","2002",8.97739,"Southern Europe"
"Greece","2003",8.60019,"Southern Europe"
"Greece","2004",8.2988,"Southern Europe"
"Greece","2005",8.28503,"Southern Europe"
"Greece","2006",8.18975,"Southern Europe"
"Greece","2007",7.88335,"Southern Europe"
"Greece","2013",7.71531,"Southern Europe"
"Greece","2014",8.30619,"Southern Europe"
"Greece","2015",8.66634,"Southern Europe"
"Greece","2016",8.4038,"Southern Europe"
"Greece","2017",8.55985,"Southern Europe"
"Hungary","1994",10.39261,"Eastern Europe"
"Hungary","1995",10.27198,"Eastern Europe"
"Hungary","1997",10.61,"Eastern Europe"
"Hungary","1998",10.22346,"Eastern Europe"
"Hungary","1999",10.04206,"Eastern Europe"
"Hungary","2000",9.84324,"Eastern Europe"
"Hungary","2001",10.67705,"Eastern Europe"
"Hungary","2002",10.86448,"Eastern Europe"
"Hungary","2003",10.96142,"Eastern Europe"
"Hungary","2004",9.85162,"Eastern Europe"
"Hungary","2005",9.94135,"Eastern Europe"
"Hungary","2006",9.85824,"Eastern Europe"
"Hungary","2007",9.83302,"Eastern Europe"
"Hungary","2008",10.22322,"Eastern Europe"
"Hungary","2009",10.32898,"Eastern Europe"
"Hungary","2010",10.19559,"Eastern Europe"
"Hungary","2011",10.02931,"Eastern Europe"
"Hungary","2012",10.03962,"Eastern Europe"
"Hungary","2013",10.48026,"Eastern Europe"
"Hungary","2014",10.90331,"Eastern Europe"
"Hungary","2015",10.2914,"Eastern Europe"
"Hungary","2016",10.01652,"Eastern Europe"
"Indonesia","1970",13.10005,"South-eastern Asia"
"Indonesia","1971",13.63815,"South-eastern Asia"
"Indonesia","1972",12.84415,"South-eastern Asia"
"Indonesia","1973",13.43108,"South-eastern Asia"
"Indonesia","1974",14.36685,"South-eastern Asia"
"Indonesia","1976",16.10254,"South-eastern Asia"
"Indonesia","1981",14.85468,"South-eastern Asia"
"Indonesia","1982",15.66601,"South-eastern Asia"
"Indonesia","1983",15.37848,"South-eastern Asia"
"Indonesia","1986",15.26774,"South-eastern Asia"
"Indonesia","1988",15.10553,"South-eastern Asia"
"Indonesia","1989",14.82182,"South-eastern Asia"
"Indonesia","1990",12.9166,"South-eastern Asia"
"Indonesia","1991",13.19851,"South-eastern Asia"
"Indonesia","1992",13.54265,"South-eastern Asia"
"Indonesia","1993",13.82294,"South-eastern Asia"
"Indonesia","1994",14.0878,"South-eastern Asia"
"Indonesia","1995",14.13826,"South-eastern Asia"
"Indonesia","1996",14.27041,"South-eastern Asia"
"Indonesia","1997",14.39865,"South-eastern Asia"
"Indonesia","1998",14.94995,"South-eastern Asia"
"Indonesia","1999",14.94713,"South-eastern Asia"
"Indonesia","2000",14.57182,"South-eastern Asia"
"Indonesia","2001",14.25666,"South-eastern Asia"
"Indonesia","2002",13.58158,"South-eastern Asia"
"Indonesia","2003",14.23421,"South-eastern Asia"
"Indonesia","2004",14.20076,"South-eastern Asia"
"Indonesia","2005",12.47833,"South-eastern Asia"
"Indonesia","2006",12.26633,"South-eastern Asia"
"Indonesia","2007",13.0443,"South-eastern Asia"
"Indonesia","2008",11.95971,"South-eastern Asia"
"Indonesia","2009",12.59356,"South-eastern Asia"
"Indonesia","2010",12.17648,"South-eastern Asia"
"Indonesia","2011",14.76712,"South-eastern Asia"
"Indonesia","2012",16.61711,"South-eastern Asia"
"Indonesia","2013",15.37529,"South-eastern Asia"
"Indonesia","2014",15.4731,"South-eastern Asia"
"Indonesia","2016",14.11492,"South-eastern Asia"
"Indonesia","2017",15.3284,"South-eastern Asia"
"Indonesia","2018",15.2071,"South-eastern Asia"
"Italy","1971",11.51306,"Southern Europe"
"Italy","1972",11.322,"Southern Europe"
"Italy","1973",13.37235,"Southern Europe"
"Italy","1976",11.26253,"Southern Europe"
"Italy","1977",10.95365,"Southern Europe"
"Italy","1978",10.81326,"Southern Europe"
"Italy","1979",10.67915,"Southern Europe"
"Italy","1980",10.37101,"Southern Europe"
"Italy","1981",10.22482,"Southern Europe"
"Italy","1982",10.0519,"Southern Europe"
"Italy","1983",9.99492,"Southern Europe"
"Italy","1984",9.97182,"Southern Europe"
"Italy","1985",9.75738,"Southern Europe"
"Italy","1986",9.53685,"Southern Europe"
"Italy","1987",9.36358,"Southern Europe"
"Italy","1988",9.23947,"Southern Europe"
"Italy","1989",9.07125,"Southern Europe"
"Italy","1990",9.17612,"Southern Europe"
"Italy","1991",8.67948,"Southern Europe"
"Italy","1992",8.48237,"Southern Europe"
"Italy","1993",8.43933,"Southern Europe"
"Italy","1994",8.17857,"Southern Europe"
"Italy","1995",9.55936,"Southern Europe"
"Italy","1996",10.1963,"Southern Europe"
"Italy","1998",10.295,"Southern Europe"
"Italy","1999",10.5428,"Southern Europe"
"Italy","2000",10.45422,"Southern Europe"
"Italy","2001",10.13982,"Southern Europe"
"Italy","2002",10.24765,"Southern Europe"
"Italy","2003",10.57577,"Southern Europe"
"Italy","2004",10.80444,"Southern Europe"
"Italy","2005",10.54004,"Southern Europe"
"Italy","2006",10.617,"Southern Europe"
"Italy","2007",10.10115,"Southern Europe"
"Italy","2013",11.37547,"Southern Europe"
"Italy","2015",11.29297,"Southern Europe"
"Italy","2016",10.04517,"Southern Europe"
"Italy","2017",9.98461,"Southern Europe"
"Latvia","1981",11.71491,"Northern Europe"
"Latvia","1986",11.20584,"Northern Europe"
"Latvia","1989",9.87114,"Northern Europe"
"Latvia","1990",9.59315,"Northern Europe"
"Latvia","1991",9.18539,"Northern Europe"
"Latvia","1992",9.02172,"Northern Europe"
"Latvia","1993",8.38491,"Northern Europe"
"Latvia","1994",8.54856,"Northern Europe"
"Latvia","1995",8.56808,"Northern Europe"
"Latvia","1996",8.41612,"Northern Europe"
"Latvia","1997",8.01682,"Northern Europe"
"Latvia","1998",9.89391,"Northern Europe"
"Latvia","1999",10.27731,"Northern Europe"
"Latvia","2000",10.73766,"Northern Europe"
"Latvia","2001",11.24387,"Northern Europe"
"Latvia","2002",11.36004,"Northern Europe"
"Latvia","2003",11.14677,"Northern Europe"
"Latvia","2004",11.02829,"Northern Europe"
"Latvia","2005",10.81161,"Northern Europe"
"Latvia","2006",10.25442,"Northern Europe"
"Latvia","2008",9.84145,"Northern Europe"
"Latvia","2009",8.60649,"Northern Europe"
"Latvia","2010",9,"Northern Europe"
"Latvia","2011",8.33016,"Northern Europe"
"Latvia","2012",7.89986,"Northern Europe"
"Latvia","2013",8.32843,"Northern Europe"
"Latvia","2014",8.21486,"Northern Europe"
"Latvia","2015",8.03226,"Northern Europe"
"Latvia","2016",8.10571,"Northern Europe"
"Latvia","2017",8.2712,"Northern Europe"
"Lebanon","1981",11.49424,"Western Asia"
"Lebanon","1999",9.0733,"Western Asia"
"Lebanon","2001",7.53579,"Western Asia"
"Lebanon","2002",7.3906,"Western Asia"
"Lebanon","2003",7.80251,"Western Asia"
"Lebanon","2004",8.50679,"Western Asia"
"Lebanon","2005",9.04021,"Western Asia"
"Lebanon","2006",9.18398,"Western Asia"
"Lebanon","2007",9.20215,"Western Asia"
"Lebanon","2008",9.1243,"Western Asia"
"Lebanon","2009",9.20378,"Western Asia"
"Lebanon","2010",8.94176,"Western Asia"
"Lebanon","2011",9.30599,"Western Asia"
"Lebanon","2013",8.20747,"Western Asia"
"Lebanon","2014",7.74275,"Western Asia"
"Lebanon","2016",7.67398,"Western Asia"
"Liechtenstein","2005",9.57927,"Western Europe"
"Liechtenstein","2006",9.0625,"Western Europe"
"Liechtenstein","2007",8.58808,"Western Europe"
"Liechtenstein","2008",9.82569,"Western Europe"
"Liechtenstein","2009",9.26844,"Western Europe"
"Liechtenstein","2011",10.67314,"Western Europe"
"Liechtenstein","2014",9.70487,"Western Europe"
"Liechtenstein","2015",9.90828,"Western Europe"
"Liechtenstein","2016",9.65192,"Western Europe"
"Liechtenstein","2017",9.55752,"Western Europe"
"Lithuania","1992",11.20588,"Northern Europe"
"Lithuania","1993",10.40818,"Northern Europe"
"Lithuania","1994",10.01857,"Northern Europe"
"Lithuania","1995",9.77604,"Northern Europe"
"Lithuania","1996",10.09675,"Northern Europe"
"Lithuania","1997",10.25544,"Northern Europe"
"Lithuania","2000",11.18394,"Northern Europe"
"Lithuania","2001",11.50088,"Northern Europe"
"Lithuania","2002",10.39653,"Northern Europe"
"Lithuania","2004",10.26179,"Northern Europe"
"Lithuania","2005",9.90824,"Northern Europe"
"Lithuania","2006",9.70397,"Northern Europe"
"Lithuania","2007",9.45009,"Northern Europe"
"Lithuania","2008",9.15568,"Northern Europe"
"Lithuania","2009",8.94914,"Northern Europe"
"Lithuania","2010",8.83776,"Northern Europe"
"Lithuania","2011",8.56257,"Northern Europe"
"Lithuania","2012",8.31545,"Northern Europe"
"Lithuania","2013",8.10003,"Northern Europe"
"Lithuania","2014",8.07679,"Northern Europe"
"Lithuania","2015",7.88976,"Northern Europe"
"Lithuania","2016",7.68762,"Northern Europe"
"Lithuania","2017",7.80821,"Northern Europe"
"Luxembourg","1971",11.32323,"Western Europe"
"Luxembourg","1972",11.0565,"Western Europe"
"Luxembourg","1973",11.9573,"Western Europe"
"Luxembourg","1974",11.07635,"Western Europe"
"Luxembourg","1978",12.66772,"Western Europe"
"Luxembourg","1980",12.68894,"Western Europe"
"Luxembourg","1981",14.1394,"Western Europe"
"Luxembourg","1986",13.44654,"Western Europe"
"Luxembourg","1987",12.72174,"Western Europe"
"Luxembourg","1988",11.30452,"Western Europe"
"Luxembourg","1997",10.15374,"Western Europe"
"Luxembourg","1999",11.64506,"Western Europe"
"Luxembourg","2000",10.88618,"Western Europe"
"Luxembourg","2001",10.75392,"Western Europe"
"Luxembourg","2002",10.61697,"Western Europe"
"Luxembourg","2003",10.58737,"Western Europe"
"Luxembourg","2004",10.48169,"Western Europe"
"Luxembourg","2005",10.29087,"Western Europe"
"Luxembourg","2006",10.09245,"Western Europe"
"Luxembourg","2007",10.1755,"Western Europe"
"Luxembourg","2008",10.19668,"Western Europe"
"Luxembourg","2010",8.49531,"Western Europe"
"Luxembourg","2011",8.62161,"Western Europe"
"Luxembourg","2012",7.88117,"Western Europe"
"Luxembourg","2013",7.9546,"Western Europe"
"Luxembourg","2014",9.11907,"Western Europe"
"Luxembourg","2015",9.44748,"Western Europe"
"Luxembourg","2016",8.82794,"Western Europe"
"Malaysia","1970",25.62988,"South-eastern Asia"
"Malaysia","1971",25.9696,"South-eastern Asia"
"Malaysia","1972",26.27675,"South-eastern Asia"
"Malaysia","1975",27.34629,"South-eastern Asia"
"Malaysia","1976",27.69524,"South-eastern Asia"
"Malaysia","1977",27.17693,"South-eastern Asia"
"Malaysia","1979",26.56297,"South-eastern Asia"
"Malaysia","1980",22.75733,"South-eastern Asia"
"Malaysia","1981",22.05917,"South-eastern Asia"
"Malaysia","1982",21.1878,"South-eastern Asia"
"Malaysia","1983",22.20474,"South-eastern Asia"
"Malaysia","1984",22.81973,"South-eastern Asia"
"Malaysia","1985",22.0875,"South-eastern Asia"
"Malaysia","1986",21.94277,"South-eastern Asia"
"Malaysia","1987",21.28795,"South-eastern Asia"
"Malaysia","1988",20.92586,"South-eastern Asia"
"Malaysia","1989",20.35318,"South-eastern Asia"
"Malaysia","1990",19.3354,"South-eastern Asia"
"Malaysia","1991",18.75422,"South-eastern Asia"
"Malaysia","1992",18.17791,"South-eastern Asia"
"Malaysia","1993",17.96686,"South-eastern Asia"
"Malaysia","1994",18.60713,"South-eastern Asia"
"Malaysia","1995",18.68252,"South-eastern Asia"
"Malaysia","1996",18.95773,"South-eastern Asia"
"Malaysia","1997",18.59158,"South-eastern Asia"
"Malaysia","1998",19.32134,"South-eastern Asia"
"Malaysia","2000",18.37824,"South-eastern Asia"
"Malaysia","2001",17.89326,"South-eastern Asia"
"Malaysia","2002",17.71513,"South-eastern Asia"
"Malaysia","2003",17.74779,"South-eastern Asia"
"Malaysia","2004",17.36274,"South-eastern Asia"
"Malaysia","2005",16.26544,"South-eastern Asia"
"Malaysia","2006",16.29535,"South-eastern Asia"
"Malaysia","2007",14.97044,"South-eastern Asia"
"Malaysia","2008",14.22366,"South-eastern Asia"
"Malaysia","2009",13.65341,"South-eastern Asia"
"Malaysia","2010",13.72496,"South-eastern Asia"
"Malaysia","2011",13.57944,"South-eastern Asia"
"Malaysia","2012",13.92335,"South-eastern Asia"
"Malaysia","2013",13.27612,"South-eastern Asia"
"Malaysia","2016",13.21255,"South-eastern Asia"
"Malaysia","2017",12.2751,"South-eastern Asia"
"Malaysia","2018",11.40208,"South-eastern Asia"
"Malta","1971",14.67389,"Southern Europe"
"Malta","1972",11.8173,"Southern Europe"
"Malta","1973",12.98574,"Southern Europe"
"Malta","1974",12.44376,"Southern Europe"
"Malta","1975",13.03326,"Southern Europe"
"Malta","1976",12.97398,"Southern Europe"
"Malta","1977",12.27604,"Southern Europe"
"Malta","1979",11.91707,"Southern Europe"
"Malta","1980",12.41498,"Southern Europe"
"Malta","1981",11.91079,"Southern Europe"
"Malta","1982",12.24771,"Southern Europe"
"Malta","1983",12.09809,"Southern Europe"
"Malta","1984",13.73081,"Southern Europe"
"Malta","1985",12.82123,"Southern Europe"
"Malta","1986",11.99957,"Southern Europe"
"Malta","1987",11.80424,"Southern Europe"
"Malta","1988",11.74796,"Southern Europe"
"Malta","1989",12.04065,"Southern Europe"
"Malta","1990",12.22619,"Southern Europe"
"Malta","1991",12.10714,"Southern Europe"
"Malta","1992",12.85372,"Southern Europe"
"Malta","1993",12.77454,"Southern Europe"
"Malta","1994",11.69455,"Southern Europe"
"Malta","1995",11.33238,"Southern Europe"
"Malta","1996",11.53522,"Southern Europe"
"Malta","1997",11.52503,"Southern Europe"
"Malta","1998",11.24551,"Southern Europe"
"Malta","1999",10.89978,"Southern Europe"
"Malta","2000",10.70128,"Southern Europe"
"Malta","2001",10.40219,"Southern Europe"
"Malta","2002",10.50319,"Southern Europe"
"Malta","2003",10.09776,"Southern Europe"
"Malta","2004",11.59322,"Southern Europe"
"Malta","2005",11.46871,"Southern Europe"
"Malta","2006",11.30159,"Southern Europe"
"Malta","2007",10.84173,"Southern Europe"
"Malta","2008",10.64056,"Southern Europe"
"Malta","2011",8.3145,"Southern Europe"
"Malta","2012",8.52146,"Southern Europe"
"Malta","2013",8.09958,"Southern Europe"
"Malta","2014",7.87035,"Southern Europe"
"Malta","2015",7.79572,"Southern Europe"
"Malta","2016",7.21022,"Southern Europe"
"Malta","2017",7.11247,"Southern Europe"
"Mauritius","1971",25.64444,"Sub-Saharan Africa"
"Mauritius","1972",28.91002,"Sub-Saharan Africa"
"Mauritius","1973",28.84724,"Sub-Saharan Africa"
"Mauritius","1974",30.59447,"Sub-Saharan Africa"
"Mauritius","1975",29.90951,"Sub-Saharan Africa"
"Mauritius","1976",30.88596,"Sub-Saharan Africa"
"Mauritius","1977",31.29589,"Sub-Saharan Africa"
"Mauritius","1978",28.32871,"Sub-Saharan Africa"
"Mauritius","1979",26.64064,"Sub-Saharan Africa"
"Mauritius","1980",25.69824,"Sub-Saharan Africa"
"Mauritius","1986",18.87847,"Sub-Saharan Africa"
"Mauritius","1987",19.02698,"Sub-Saharan Africa"
"Mauritius","1989",20.3188,"Sub-Saharan Africa"
"Mauritius","1996",20.25164,"Sub-Saharan Africa"
"Mauritius","1998",19.9444,"Sub-Saharan Africa"
"Mauritius","1999",19.56571,"Sub-Saharan Africa"
"Mauritius","2000",19.39514,"Sub-Saharan Africa"
"Mauritius","2001",19.23417,"Sub-Saharan Africa"
"Mauritius","2002",18.83802,"Sub-Saharan Africa"
"Mauritius","2003",18.55815,"Sub-Saharan Africa"
"Mauritius","2004",17.57327,"Sub-Saharan Africa"
"Mauritius","2005",17.41396,"Sub-Saharan Africa"
"Mauritius","2006",16.61191,"Sub-Saharan Africa"
"Mauritius","2007",16.05896,"Sub-Saharan Africa"
"Mauritius","2008",16.05079,"Sub-Saharan Africa"
"Mauritius","2009",15.71952,"Sub-Saharan Africa"
"Mauritius","2010",15.25916,"Sub-Saharan Africa"
"Mauritius","2011",14.9129,"Sub-Saharan Africa"
"Mauritius","2012",14.7082,"Sub-Saharan Africa"
"Mauritius","2013",13.12128,"Sub-Saharan Africa"
"Mauritius","2014",13.26561,"Sub-Saharan Africa"
"Mauritius","2015",12.87505,"Sub-Saharan Africa"
"Mauritius","2017",12.65226,"Sub-Saharan Africa"
"Mauritius","2018",10.9886,"Sub-Saharan Africa"
"Mexico","1971",14.47284,"Latin America and the Caribbean"
"Mexico","1972",14.6806,"Latin America and the Caribbean"
"Mexico","1975",18.37426,"Latin America and the Caribbean"
"Mexico","1976",17.31037,"Latin America and the Caribbean"
"Mexico","1977",16.27757,"Latin America and the Caribbean"
"Mexico","1978",16.84725,"Latin America and the Caribbean"
"Mexico","1981",17.68173,"Latin America and the Caribbean"
"Mexico","1982",17.65963,"Latin America and the Caribbean"
"Mexico","1983",18.03304,"Latin America and the Caribbean"
"Mexico","1984",17.94618,"Latin America and the Caribbean"
"Mexico","1985",17.45694,"Latin America and the Caribbean"
"Mexico","1986",17.19945,"Latin America and the Caribbean"
"Mexico","1987",17.23617,"Latin America and the Caribbean"
"Mexico","1988",17.53487,"Latin America and the Caribbean"
"Mexico","1989",17.28767,"Latin America and the Caribbean"
"Mexico","1990",16.93628,"Latin America and the Caribbean"
"Mexico","1991",16.65771,"Latin America and the Caribbean"
"Mexico","1992",16.47229,"Latin America and the Caribbean"
"Mexico","1993",16.43185,"Latin America and the Caribbean"
"Mexico","1994",16.3721,"Latin America and the Caribbean"
"Mexico","1995",16.20095,"Latin America and the Caribbean"
"Mexico","1996",16.22758,"Latin America and the Caribbean"
"Mexico","1997",16.31588,"Latin America and the Caribbean"
"Mexico","1998",16.92203,"Latin America and the Caribbean"
"Mexico","1999",16.80328,"Latin America and the Caribbean"
"Mexico","2000",16.92285,"Latin America and the Caribbean"
"Mexico","2001",16.8772,"Latin America and the Caribbean"
"Mexico","2002",16.96424,"Latin America and the Caribbean"
"Mexico","2003",17.14063,"Latin America and the Caribbean"
"Mexico","2004",17.94653,"Latin America and the Caribbean"
"Mexico","2005",17.80164,"Latin America and the Caribbean"
"Mexico","2006",17.83042,"Latin America and the Caribbean"
"Mexico","2007",17.91581,"Latin America and the Caribbean"
"Mexico","2008",18.00744,"Latin America and the Caribbean"
"Mexico","2009",17.63968,"Latin America and the Caribbean"
"Mexico","2010",17.91261,"Latin America and the Caribbean"
"Mexico","2011",17.67731,"Latin America and the Caribbean"
"Mexico","2012",17.74098,"Latin America and the Caribbean"
"Mexico","2013",17.95597,"Latin America and the Caribbean"
"Mexico","2014",16.12339,"Latin America and the Caribbean"
"Mexico","2015",16.08213,"Latin America and the Caribbean"
"Mexico","2016",16.30684,"Latin America and the Caribbean"
"Mexico","2017",16.85759,"Latin America and the Caribbean"
"Moldova","1990",13.26976,"Eastern Europe"
"Moldova","1991",12.66429,"Eastern Europe"
"Moldova","1992",12.30966,"Eastern Europe"
"Moldova","1993",11.66478,"Eastern Europe"
"Moldova","1994",11.52308,"Eastern Europe"
"Moldova","1995",12.53899,"Eastern Europe"
"Moldova","1996",13.05469,"Eastern Europe"
"Moldova","1997",15.56879,"Eastern Europe"
"Moldova","1999",12.59458,"Eastern Europe"
"Moldova","2000",13.24936,"Eastern Europe"
"Moldova","2001",13.53472,"Eastern Europe"
"Moldova","2002",13.2212,"Eastern Europe"
"Moldova","2003",13.24313,"Eastern Europe"
"Moldova","2004",12.97961,"Eastern Europe"
"Moldova","2005",12.75773,"Eastern Europe"
"Moldova","2006",12.39943,"Eastern Europe"
"Moldova","2007",12.10284,"Eastern Europe"
"Moldova","2008",11.49866,"Eastern Europe"
"Moldova","2009",11.25259,"Eastern Europe"
"Moldova","2010",10.4993,"Eastern Europe"
"Moldova","2011",9.89848,"Eastern Europe"
"Moldova","2012",9.57243,"Eastern Europe"
"Moldova","2013",9.58607,"Eastern Europe"
"Moldova","2014",9.376,"Eastern Europe"
"Moldova","2015",9.34236,"Eastern Europe"
"Moldova","2016",9.22639,"Eastern Europe"
"Moldova","2017",9.91073,"Eastern Europe"
"Moldova","2018",9.86318,"Eastern Europe"
"Netherlands","1971",14.51252,"Western Europe"
"Netherlands","1972",14.55993,"Western Europe"
"Netherlands","1975",15.05522,"Western Europe"
"Netherlands","1976",14.88439,"Western Europe"
"Netherlands","1977",14.88393,"Western Europe"
"Netherlands","1978",14.7063,"Western Europe"
"Netherlands","1979",14.4916,"Western Europe"
"Netherlands","1980",14.51397,"Western Europe"
"Netherlands","1982",14.39342,"Western Europe"
"Netherlands","1983",14.31168,"Western Europe"
"Netherlands","1984",14.57236,"Western Europe"
"Netherlands","1985",14.56727,"Western Europe"
"Netherlands","1986",16.59932,"Western Europe"
"Netherlands","1987",16.09469,"Western Europe"
"Netherlands","1988",15.60104,"Western Europe"
"Netherlands","1989",15.30169,"Western Europe"
"Netherlands","1990",15.54023,"Western Europe"
"Netherlands","1991",15.68467,"Western Europe"
"Netherlands","1992",15.80009,"Western Europe"
"Netherlands","1993",15.9245,"Western Europe"
"Netherlands","1994",17.41098,"Western Europe"
"Netherlands","2002",13.46918,"Western Europe"
"Netherlands","2003",13.08537,"Western Europe"
"Netherlands","2004",12.73649,"Western Europe"
"Netherlands","2005",13.13236,"Western Europe"
"Netherlands","2006",13.30748,"Western Europe"
"Netherlands","2007",13.31665,"Western Europe"
"Netherlands","2008",13.18227,"Western Europe"
"Netherlands","2009",13.39986,"Western Europe"
"Netherlands","2010",13.72933,"Western Europe"
"Netherlands","2011",13.57412,"Western Europe"
"Netherlands","2012",13.85693,"Western Europe"
"Netherlands","2015",14.46276,"Western Europe"
"Netherlands","2016",14.40346,"Western Europe"
"Netherlands","2017",14.51694,"Western Europe"
"New Zealand","1982",19.86947,"Australia and New Zealand"
"New Zealand","1994",14.26627,"Australia and New Zealand"
"New Zealand","1996",15.66631,"Australia and New Zealand"
"New Zealand","1997",15.17959,"Australia and New Zealand"
"New Zealand","1998",17.42447,"Australia and New Zealand"
"New Zealand","1999",15.3898,"Australia and New Zealand"
"New Zealand","2000",15.54971,"Australia and New Zealand"
"New Zealand","2001",15.03428,"Australia and New Zealand"
"New Zealand","2003",14.1861,"Australia and New Zealand"
"New Zealand","2004",13.17799,"Australia and New Zealand"
"New Zealand","2005",14.71095,"Australia and New Zealand"
"New Zealand","2006",14.70968,"Australia and New Zealand"
"New Zealand","2007",14.63451,"Australia and New Zealand"
"New Zealand","2008",14.4931,"Australia and New Zealand"
"New Zealand","2009",14.30599,"Australia and New Zealand"
"New Zealand","2010",14.50074,"Australia and New Zealand"
"New Zealand","2011",14.36822,"Australia and New Zealand"
"New Zealand","2012",14.36042,"Australia and New Zealand"
"New Zealand","2014",13.96236,"Australia and New Zealand"
"New Zealand","2015",13.81545,"Australia and New Zealand"
"New Zealand","2016",13.8189,"Australia and New Zealand"
"New Zealand","2017",13.62875,"Australia and New Zealand"
"North Macedonia","1998",29.32253,"Southern Europe"
"North Macedonia","1999",16.32933,"Southern Europe"
"North Macedonia","2000",16.04576,"Southern Europe"
"North Macedonia","2001",16.36438,"Southern Europe"
"North Macedonia","2002",16.05532,"Southern Europe"
"North Macedonia","2003",15.61221,"Southern Europe"
"North Macedonia","2004",15.13043,"Southern Europe"
"North Macedonia","2005",14.70825,"Southern Europe"
"North Macedonia","2007",13.7217,"Southern Europe"
"North Macedonia","2008",13.08679,"Southern Europe"
"North Macedonia","2009",12.35655,"Southern Europe"
"North Macedonia","2010",11.91214,"Southern Europe"
"North Macedonia","2012",10.492,"Southern Europe"
"North Macedonia","2013",9.84804,"Southern Europe"
"North Macedonia","2014",9.56464,"Southern Europe"
"North Macedonia","2015",9.42686,"Southern Europe"
"North Macedonia","2017",8.74033,"Southern Europe"
"Panama","1970",20.73626,"Latin America and the Caribbean"
"Panama","1971",19.46076,"Latin America and the Caribbean"
"Panama","1972",19.61421,"Latin America and the Caribbean"
"Panama","1973",20.62827,"Latin America and the Caribbean"
"Panama","1974",21.29066,"Latin America and the Caribbean"
"Panama","1975",23.50529,"Latin America and the Caribbean"
"Panama","1976",25.29223,"Latin America and the Caribbean"
"Panama","1977",26.25349,"Latin America and the Caribbean"
"Panama","1978",27.6334,"Latin America and the Caribbean"
"Panama","1979",27.47775,"Latin America and the Caribbean"
"Panama","1980",21.04608,"Latin America and the Caribbean"
"Panama","1981",20.21812,"Latin America and the Caribbean"
"Panama","1982",19.58662,"Latin America and the Caribbean"
"Panama","1983",19.21178,"Latin America and the Caribbean"
"Panama","1984",19.15225,"Latin America and the Caribbean"
"Panama","1985",19.06167,"Latin America and the Caribbean"
"Panama","1986",18.97215,"Latin America and the Caribbean"
"Panama","1987",18.84893,"Latin America and the Caribbean"
"Panama","1988",19.41262,"Latin America and the Caribbean"
"Panama","1989",19.01746,"Latin America and the Caribbean"
"Panama","1990",20.08438,"Latin America and the Caribbean"
"Panama","1991",19.82173,"Latin America and the Caribbean"
"Panama","1992",19.10912,"Latin America and the Caribbean"
"Panama","1993",18.80945,"Latin America and the Caribbean"
"Panama","1994",18.24956,"Latin America and the Caribbean"
"Panama","1995",18.29652,"Latin America and the Caribbean"
"Panama","1996",18.05883,"Latin America and the Caribbean"
"Panama","1999",15.9968,"Latin America and the Caribbean"
"Panama","2000",16.25611,"Latin America and the Caribbean"
"Panama","2001",16.07911,"Latin America and the Caribbean"
"Panama","2002",16.09095,"Latin America and the Caribbean"
"Panama","2004",15.76138,"Latin America and the Caribbean"
"Panama","2005",15.63104,"Latin America and the Caribbean"
"Panama","2006",15.77361,"Latin America and the Caribbean"
"Panama","2007",15.47421,"Latin America and the Caribbean"
"Panama","2008",15.38675,"Latin America and the Caribbean"
"Panama","2009",14.65648,"Latin America and the Caribbean"
"Panama","2010",15.33901,"Latin America and the Caribbean"
"Panama","2011",14.68664,"Latin America and the Caribbean"
"Panama","2013",15.51877,"Latin America and the Caribbean"
"Panama","2014",13.58912,"Latin America and the Caribbean"
"Panama","2015",13.32796,"Latin America and the Caribbean"
"Panama","2016",14.50099,"Latin America and the Caribbean"
"Panama","2017",13.5809,"Latin America and the Caribbean"
"Peru","1970",17.29139,"Latin America and the Caribbean"
"Peru","1971",18.03585,"Latin America and the Caribbean"
"Peru","1972",18.87785,"Latin America and the Caribbean"
"Peru","1973",20.58821,"Latin America and the Caribbean"
"Peru","1974",21.50076,"Latin America and the Caribbean"
"Peru","1975",23.83082,"Latin America and the Caribbean"
"Peru","1976",25.75911,"Latin America and the Caribbean"
"Peru","1977",27.54538,"Latin America and the Caribbean"
"Peru","1978",29.29366,"Latin America and the Caribbean"
"Peru","1981",24.73582,"Latin America and the Caribbean"
"Peru","1982",24.94844,"Latin America and the Caribbean"
"Peru","1983",21.3093,"Latin America and the Caribbean"
"Peru","1984",21.585,"Latin America and the Caribbean"
"Peru","1985",20.82346,"Latin America and the Caribbean"
"Peru","1986",21.89817,"Latin America and the Caribbean"
"Peru","1987",20.99217,"Latin America and the Caribbean"
"Peru","1988",20.46028,"Latin America and the Caribbean"
"Peru","1989",19.99637,"Latin America and the Caribbean"
"Peru","1990",19.68698,"Latin America and the Caribbean"
"Peru","1991",19.68194,"Latin America and the Caribbean"
"Peru","1992",19.44669,"Latin America and the Caribbean"
"Peru","1993",20.2281,"Latin America and the Caribbean"
"Peru","1994",18.21072,"Latin America and the Caribbean"
"Peru","1995",19.03209,"Latin America and the Caribbean"
"Peru","1996",18.75551,"Latin America and the Caribbean"
"Peru","1997",18.41598,"Latin America and the Caribbean"
"Peru","1998",17.22606,"Latin America and the Caribbean"
"Peru","1999",21.62919,"Latin America and the Caribbean"
"Peru","2000",20.35754,"Latin America and the Caribbean"
"Peru","2001",20.31555,"Latin America and the Caribbean"
"Peru","2002",18.91347,"Latin America and the Caribbean"
"Peru","2003",16.18434,"Latin America and the Caribbean"
"Peru","2004",16.636,"Latin America and the Caribbean"
"Peru","2005",16.72571,"Latin America and the Caribbean"
"Peru","2006",16.21431,"Latin America and the Caribbean"
"Peru","2007",16.388,"Latin America and the Caribbean"
"Peru","2008",16.23886,"Latin America and the Caribbean"
"Peru","2009",16.53146,"Latin America and the Caribbean"
"Peru","2010",15.99044,"Latin America and the Caribbean"
"Peru","2011",16.69359,"Latin America and the Caribbean"
"Peru","2012",16.75243,"Latin America and the Caribbean"
"Peru","2013",15.46321,"Latin America and the Caribbean"
"Peru","2014",14.20135,"Latin America and the Caribbean"
"Peru","2015",14.09055,"Latin America and the Caribbean"
"Peru","2016",14.33983,"Latin America and the Caribbean"
"Peru","2017",14.57939,"Latin America and the Caribbean"
"Peru","2018",14.20042,"Latin America and the Caribbean"
"Poland","2001",13.20372,"Eastern Europe"
"Poland","2003",14.11461,"Eastern Europe"
"Poland","2005",11.63705,"Eastern Europe"
"Poland","2006",11.46444,"Eastern Europe"
"Poland","2007",11.15369,"Eastern Europe"
"Poland","2008",11.04127,"Eastern Europe"
"Poland","2009",10.68059,"Eastern Europe"
"Poland","2010",10.39489,"Eastern Europe"
"Poland","2011",8.90961,"Eastern Europe"
"Poland","2012",8.66085,"Eastern Europe"
"Poland","2013",9.5332,"Eastern Europe"
"Poland","2014",9.45976,"Eastern Europe"
"Poland","2015",9.3184,"Eastern Europe"
"Poland","2016",9.19768,"Eastern Europe"
"Poland","2017",9.09854,"Eastern Europe"
"Portugal","1973",17.55435,"Southern Europe"
"Portugal","1974",17.60934,"Southern Europe"
"Portugal","1975",15.21851,"Southern Europe"
"Portugal","1976",15.69937,"Southern Europe"
"Portugal","1977",15.78546,"Southern Europe"
"Portugal","1978",22.86616,"Southern Europe"
"Portugal","1979",16.35426,"Southern Europe"
"Portugal","1980",16.1286,"Southern Europe"
"Portugal","1991",10.38605,"Southern Europe"
"Portugal","1993",12.572,"Southern Europe"
"Portugal","2000",9.79384,"Southern Europe"
"Portugal","2001",9.72101,"Southern Europe"
"Portugal","2002",8.8972,"Southern Europe"
"Portugal","2003",8.77611,"Southern Europe"
"Portugal","2004",7.74783,"Southern Europe"
"Portugal","2005",7.13761,"Southern Europe"
"Portugal","2006",7.06038,"Southern Europe"
"Portugal","2007",7.31822,"Southern Europe"
"Portugal","2008",7.25845,"Southern Europe"
"Portugal","2009",7.27779,"Southern Europe"
"Portugal","2010",7.34729,"Southern Europe"
"Portugal","2011",7.52542,"Southern Europe"
"Portugal","2012",8.16457,"Southern Europe"
"Portugal","2013",9.7729,"Southern Europe"
"Portugal","2014",9.8942,"Southern Europe"
"Portugal","2015",9.9287,"Southern Europe"
"Portugal","2016",9.64497,"Southern Europe"
"Portugal","2017",9.51599,"Southern Europe"
"Qatar","1971",12.63889,"Western Asia"
"Qatar","1972",12.97656,"Western Asia"
"Qatar","1973",12.6632,"Western Asia"
"Qatar","1974",12.80663,"Western Asia"
"Qatar","1975",12.39841,"Western Asia"
"Qatar","1976",12.19421,"Western Asia"
"Qatar","1977",11.18595,"Western Asia"
"Qatar","1978",11.0385,"Western Asia"
"Qatar","1979",10.65264,"Western Asia"
"Qatar","1980",10.48941,"Western Asia"
"Qatar","1981",9.79126,"Western Asia"
"Qatar","1982",9.77664,"Western Asia"
"Qatar","1983",8.81907,"Western Asia"
"Qatar","1984",8.87195,"Western Asia"
"Qatar","1985",9.05829,"Western Asia"
"Qatar","1986",8.8909,"Western Asia"
"Qatar","1987",7.70213,"Western Asia"
"Qatar","1988",8.79744,"Western Asia"
"Qatar","1989",8.58583,"Western Asia"
"Qatar","1990",8.59347,"Western Asia"
"Qatar","1991",8.46659,"Western Asia"
"Qatar","1992",8.35661,"Western Asia"
"Qatar","1993",9.3919,"Western Asia"
"Qatar","1994",9.49307,"Western Asia"
"Qatar","1995",9.75505,"Western Asia"
"Qatar","1998",11.07175,"Western Asia"
"Qatar","1999",10.16087,"Western Asia"
"Qatar","2001",10.39216,"Western Asia"
"Qatar","2002",9.99022,"Western Asia"
"Qatar","2003",10.15222,"Western Asia"
"Qatar","2004",10.07338,"Western Asia"
"Qatar","2005",11.57146,"Western Asia"
"Qatar","2006",9.48177,"Western Asia"
"Qatar","2008",9.69258,"Western Asia"
"Qatar","2009",9.6178,"Western Asia"
"Qatar","2010",9.93428,"Western Asia"
"Qatar","2011",10.12723,"Western Asia"
"Qatar","2012",9.72794,"Western Asia"
"Qatar","2013",9.67144,"Western Asia"
"Qatar","2014",10.17084,"Western Asia"
"Qatar","2015",10.68863,"Western Asia"
"Qatar","2016",10.24306,"Western Asia"
"Qatar","2017",10.41565,"Western Asia"
"Qatar","2018",11.04303,"Western Asia"
"Romania","1989",24.59917,"Eastern Europe"
"Romania","1991",18.02169,"Eastern Europe"
"Romania","1992",16.85162,"Eastern Europe"
"Romania","1993",14.83037,"Eastern Europe"
"Romania","1994",13.96353,"Eastern Europe"
"Romania","1995",13.32718,"Eastern Europe"
"Romania","1996",12.85426,"Eastern Europe"
"Romania","1997",12.57169,"Eastern Europe"
"Romania","1998",12.64793,"Eastern Europe"
"Romania","1999",12.51326,"Eastern Europe"
"Romania","2000",12.83862,"Eastern Europe"
"Romania","2001",13.13507,"Eastern Europe"
"Romania","2002",12.79369,"Eastern Europe"
"Romania","2003",13.47478,"Eastern Europe"
"Romania","2004",13.66506,"Eastern Europe"
"Romania","2005",12.9349,"Eastern Europe"
"Romania","2006",12.8368,"Eastern Europe"
"Romania","2007",12.7049,"Eastern Europe"
"Romania","2008",12.72627,"Eastern Europe"
"Romania","2009",12.39015,"Eastern Europe"
"Romania","2010",12.47651,"Eastern Europe"
"Romania","2011",12.96035,"Eastern Europe"
"Romania","2012",12.75412,"Eastern Europe"
"Romania","2013",12.81445,"Eastern Europe"
"Romania","2014",12.26841,"Eastern Europe"
"Romania","2015",12.09628,"Eastern Europe"
"Romania","2016",12.11967,"Eastern Europe"
"Romania","2017",12.07981,"Eastern Europe"
"Serbia","2007",10.8129,"Southern Europe"
"Serbia","2008",10.29101,"Southern Europe"
"Serbia","2009",10.03013,"Southern Europe"
"Serbia","2010",9.60059,"Southern Europe"
"Serbia","2011",9.33435,"Southern Europe"
"Serbia","2012",9.07219,"Southern Europe"
"Serbia","2013",9.00278,"Southern Europe"
"Serbia","2014",8.65148,"Southern Europe"
"Serbia","2015",8.45036,"Southern Europe"
"Serbia","2016",8.22827,"Southern Europe"
"Serbia","2017",8.08165,"Southern Europe"
"Serbia","2018",7.946,"Southern Europe"
"Slovenia","1993",15.37755,"Southern Europe"
"Slovenia","1994",15.56332,"Southern Europe"
"Slovenia","1995",15.37769,"Southern Europe"
"Slovenia","1996",14.19169,"Southern Europe"
"Slovenia","1997",14.57888,"Southern Europe"
"Slovenia","1998",13.16196,"Southern Europe"
"Slovenia","1999",13.11281,"Southern Europe"
"Slovenia","2000",12.92344,"Southern Europe"
"Slovenia","2001",13.1431,"Southern Europe"
"Slovenia","2002",13.02755,"Southern Europe"
"Slovenia","2003",13.73222,"Southern Europe"
"Slovenia","2004",11.41328,"Southern Europe"
"Slovenia","2005",11.20998,"Southern Europe"
"Slovenia","2006",10.62664,"Southern Europe"
"Slovenia","2007",9.4394,"Southern Europe"
"Slovenia","2008",9.33901,"Southern Europe"
"Slovenia","2009",9.18321,"Southern Europe"
"Slovenia","2010",9.0718,"Southern Europe"
"Slovenia","2011",8.96265,"Southern Europe"
"Slovenia","2012",8.86497,"Southern Europe"
"Slovenia","2013",10.06775,"Southern Europe"
"Slovenia","2014",10.10363,"Southern Europe"
"Slovenia","2015",10.20569,"Southern Europe"
"Slovenia","2016",9.69943,"Southern Europe"
"Spain","1971",25.48498,"Southern Europe"
"Spain","1972",26.14025,"Southern Europe"
"Spain","1981",20.90263,"Southern Europe"
"Spain","1982",20.63739,"Southern Europe"
"Spain","1983",20.86861,"Southern Europe"
"Spain","1984",20.2989,"Southern Europe"
"Spain","1985",20.2124,"Southern Europe"
"Spain","1986",20.95812,"Southern Europe"
"Spain","1987",21.26363,"Southern Europe"
"Spain","1988",20.94973,"Southern Europe"
"Spain","1989",20.01398,"Southern Europe"
"Spain","1990",17.18294,"Southern Europe"
"Spain","1991",16.65279,"Southern Europe"
"Spain","1992",16.21173,"Southern Europe"
"Spain","1993",16.42035,"Southern Europe"
"Spain","1994",16.22677,"Southern Europe"
"Spain","1995",15.86602,"Southern Europe"
"Spain","1996",15.19959,"Southern Europe"
"Spain","1999",11.92944,"Southern Europe"
"Spain","2000",11.38215,"Southern Europe"
"Spain","2001",10.87339,"Southern Europe"
"Spain","2002",11.04805,"Southern Europe"
"Spain","2003",11.10863,"Southern Europe"
"Spain","2004",11.00715,"Southern Europe"
"Spain","2005",11.09815,"Southern Europe"
"Spain","2006",10.9525,"Southern Europe"
"Spain","2007",10.80633,"Southern Europe"
"Spain","2008",10.80427,"Southern Europe"
"Spain","2009",10.54833,"Southern Europe"
"Spain","2010",10.80488,"Southern Europe"
"Spain","2011",11.05291,"Southern Europe"
"Spain","2012",11.35027,"Southern Europe"
"Spain","2013",12.01328,"Southern Europe"
"Spain","2014",11.90957,"Southern Europe"
"Spain","2015",11.98294,"Southern Europe"
"Spain","2016",11.60931,"Southern Europe"
"Spain","2017",11.56883,"Southern Europe"
"Sweden","1973",10.34132,"Northern Europe"
"Sweden","1974",9.47166,"Northern Europe"
"Sweden","1975",9.72618,"Northern Europe"
"Sweden","1976",9.36609,"Northern Europe"
"Sweden","1993",8.7207,"Northern Europe"
"Sweden","1994",8.89643,"Northern Europe"
"Sweden","1995",9.72966,"Northern Europe"
"Sweden","1997",10.53314,"Northern Europe"
"Sweden","1998",15.57477,"Northern Europe"
"Sweden","1999",14.98969,"Northern Europe"
"Sweden","2000",14.34758,"Northern Europe"
"Sweden","2001",13.95371,"Northern Europe"
"Sweden","2002",13.3118,"Northern Europe"
"Sweden","2003",12.72636,"Northern Europe"
"Sweden","2004",9.45999,"Northern Europe"
"Sweden","2005",9.66166,"Northern Europe"
"Sweden","2006",9.49064,"Northern Europe"
"Sweden","2007",9.62452,"Northern Europe"
"Sweden","2008",9.67692,"Northern Europe"
"Sweden","2009",9.61574,"Northern Europe"
"Sweden","2010",9.71082,"Northern Europe"
"Sweden","2011",9.5108,"Northern Europe"
"Sweden","2012",9.52382,"Northern Europe"
"Sweden","2013",12.29939,"Northern Europe"
"Sweden","2014",12.61897,"Northern Europe"
"Sweden","2015",12.87345,"Northern Europe"
"Sweden","2016",12.90017,"Northern Europe"
"Sweden","2017",13.07043,"Northern Europe"
"Switzerland","1979",16.07283,"Western Europe"
"Switzerland","1980",15.81711,"Western Europe"
"Switzerland","2012",9.32916,"Western Europe"
"Switzerland","2013",9.27359,"Western Europe"
"Switzerland","2016",9.7742,"Western Europe"
"Switzerland","2017",9.82943,"Western Europe"
"Thailand","1971",15.52916,"South-eastern Asia"
"Thailand","1974",23.20236,"South-eastern Asia"
"Thailand","1977",26.90567,"South-eastern Asia"
"Thailand","1978",23.42989,"South-eastern Asia"
"Thailand","1984",18.73195,"South-eastern Asia"
"Thailand","1985",18.99799,"South-eastern Asia"
"Thailand","1987",17.55675,"South-eastern Asia"
"Thailand","1988",17.12475,"South-eastern Asia"
"Thailand","1989",16.25751,"South-eastern Asia"
"Thailand","1990",16.22193,"South-eastern Asia"
"Thailand","1991",16.65947,"South-eastern Asia"
"Thailand","1992",18.22766,"South-eastern Asia"
"Thailand","1993",19.18826,"South-eastern Asia"
"Thailand","1994",20.15833,"South-eastern Asia"
"Thailand","2001",24.03813,"South-eastern Asia"
"Thailand","2002",23.99672,"South-eastern Asia"
"Thailand","2006",21.69429,"South-eastern Asia"
"Thailand","2007",21.01242,"South-eastern Asia"
"Thailand","2008",21.22434,"South-eastern Asia"
"Thailand","2014",29.53685,"South-eastern Asia"
"Thailand","2015",28.15431,"South-eastern Asia"
"Thailand","2016",26.63435,"South-eastern Asia"
"Thailand","2017",26.36914,"South-eastern Asia"
"Thailand","2018",25.94603,"South-eastern Asia"
"Trinidad and Tobago","1972",24.51004,"Latin America and the Caribbean"
"Trinidad and Tobago","1981",20.03655,"Latin America and the Caribbean"
"Tunisia","1971",27.81418,"Northern Africa"
"Tunisia","1972",28.4159,"Northern Africa"
"Tunisia","1973",27.40954,"Northern Africa"
"Tunisia","1974",24.59063,"Northern Africa"
"Tunisia","1975",22.90927,"Northern Africa"
"Tunisia","1976",23.01802,"Northern Africa"
"Tunisia","1977",21.79276,"Northern Africa"
"Tunisia","1978",19.61058,"Northern Africa"
"Tunisia","1979",20.40426,"Northern Africa"
"Tunisia","1980",20.21191,"Northern Africa"
"Tunisia","1981",19.24176,"Northern Africa"
"Tunisia","1982",19.27796,"Northern Africa"
"Tunisia","1983",19.17612,"Northern Africa"
"Tunisia","1984",18.90621,"Northern Africa"
"Tunisia","1985",18.40731,"Northern Africa"
"Tunisia","1986",18.12755,"Northern Africa"
"Tunisia","1987",17.35806,"Northern Africa"
"Tunisia","1988",17.12958,"Northern Africa"
"Tunisia","1989",17.80808,"Northern Africa"
"Tunisia","1990",17.31576,"Northern Africa"
"Tunisia","1991",17.07726,"Northern Africa"
"Tunisia","1992",16.94076,"Northern Africa"
"Tunisia","1993",17.50111,"Northern Africa"
"Tunisia","1994",18.44015,"Northern Africa"
"Tunisia","1995",18.00927,"Northern Africa"
"Tunisia","1999",18.75247,"Northern Africa"
"Tunisia","2000",18.9929,"Northern Africa"
"Tunisia","2001",18.82918,"Northern Africa"
"Tunisia","2002",20.06534,"Northern Africa"
"Tunisia","2004",17.5787,"Northern Africa"
"Tunisia","2005",17.24309,"Northern Africa"
"Tunisia","2006",16.87683,"Northern Africa"
"Tunisia","2007",16.16369,"Northern Africa"
"Tunisia","2008",15.17504,"Northern Africa"
"Tunisia","2009",13.85534,"Northern Africa"
"Tunisia","2010",13.28804,"Northern Africa"
"Tunisia","2011",13.62495,"Northern Africa"
"Turkey","1971",27.58111,"Western Asia"
"Turkey","1972",28.20275,"Western Asia"
"Turkey","1973",27.71645,"Western Asia"
"Turkey","1974",26.51934,"Western Asia"
"Turkey","1978",22.85246,"Western Asia"
"Turkey","1979",22.77318,"Western Asia"
"Turkey","1980",23.22449,"Western Asia"
"Turkey","1981",19.77134,"Western Asia"
"Turkey","1982",19.63647,"Western Asia"
"Turkey","1983",18.51562,"Western Asia"
"Turkey","1984",19.21565,"Western Asia"
"Turkey","1986",21.11722,"Western Asia"
"Turkey","1987",21.03886,"Western Asia"
"Turkey","1988",22.74969,"Western Asia"
"Turkey","1989",23.41361,"Western Asia"
"Turkey","1990",23.26197,"Western Asia"
"Turkey","1991",23.89033,"Western Asia"
"Turkey","1992",23.37143,"Western Asia"
"Turkey","1993",24.04789,"Western Asia"
"Turkey","1994",23.74015,"Western Asia"
"Turkey","1995",23.32419,"Western Asia"
"Turkey","1997",21.75622,"Western Asia"
"Turkey","2012",17.94572,"Western Asia"
"Turkey","2013",20.13252,"Western Asia"
"Turkey","2014",19.48105,"Western Asia"
"Turkey","2015",18.45287,"Western Asia"
"Turkey","2017",17.34797,"Western Asia"
"United Kingdom","1993",12.24197,"Northern Europe"
"United Kingdom","1994",12.21414,"Northern Europe"
"United Kingdom","1995",11.02098,"Northern Europe"
"United Kingdom","1996",10.49779,"Northern Europe"
"United Kingdom","1997",10.71946,"Northern Europe"
"United Kingdom","1999",14.67131,"Northern Europe"
"United Kingdom","2000",15.05171,"Northern Europe"
"United Kingdom","2001",14.86956,"Northern Europe"
"United Kingdom","2002",15.48066,"Northern Europe"
"United Kingdom","2003",15.34126,"Northern Europe"
"United Kingdom","2004",15.31998,"Northern Europe"
"United Kingdom","2005",14.86558,"Northern Europe"
"United Kingdom","2006",14.54045,"Northern Europe"
"United Kingdom","2007",14.00533,"Northern Europe"
"United Kingdom","2008",14.26922,"Northern Europe"
"United Kingdom","2013",15.86648,"Northern Europe"
"United Kingdom","2014",15.82946,"Northern Europe"
"United Kingdom","2015",15.45905,"Northern Europe"
"United Kingdom","2017",16.61873,"Northern Europe"
"United States","2014",14.78683,"Northern America"
"United States","2015",14.69697,"Northern America"
"United States","2017",14.62452,"Northern America"
"Vietnam","1976",25.90419,"South-eastern Asia"
"Vietnam","1977",25.07864,"South-eastern Asia"
"Vietnam","1990",17.98301,"South-eastern Asia"
"Vietnam","1998",28.86119,"South-eastern Asia"
